{
  "xi": 0.009999999776482582,
  "min_samples": 2.0,
  "min_cluster_size": 0.10000000149011612,
  "low_weight": 0.4698299765586853,
  "high_weight": 0.009999999776482582,
  "total_time": 6.04843537414966,
  "clusters": [
    {
      "label": 0,
      "start_time": 0.0,
      "end_time": 0.9984580498866213,
      "center_time": 0.35836130007558586,
      "duration": 0.9984580498866213,
      "num_points": 30
    },
    {
      "label": 1,
      "start_time": 5.2477097505668935,
      "end_time": 6.013968253968254,
      "center_time": 5.6177777777777775,
      "duration": 0.7662585034013603,
      "num_points": 32
    },
    {
      "label": 2,
      "start_time": 1.1377777777777778,
      "end_time": 2.3219954648526078,
      "center_time": 1.8551085195983157,
      "duration": 1.18421768707483,
      "num_points": 28
    }
  ]
}