{
  "xi": 0.10000000149011612,
  "min_samples": 2,
  "min_cluster_size": 0.10000000149011612,
  "low_weight": 0.04954790323972702,
  "high_weight": 0.009999999776482582,
  "total_time": 6.04843537414966,
  "clusters": [
    {
      "label": 0,
      "start_time": 0.0,
      "end_time": 0.0019501133786848073,
      "center_time": 0.0009750566893424037,
      "num_points": 30
    },
    {
      "label": 1,
      "start_time": 0.010249433106575964,
      "end_time": 0.011746031746031746,
      "center_time": 0.010997732426303855,
      "num_points": 32
    },
    {
      "label": 2,
      "start_time": 0.0022222222222222222,
      "end_time": 0.004625850340136055,
      "center_time": 0.0034240362811791382,
      "num_points": 30
    }
  ]
}